{
"Changes": [
	{
   
   "Action": "EditData",
   "Target": "Characters/Dialogue/Pika",
   "Entries": {


		//Spring
	"spring_1": "{{i18n:Pika.Dialogue.spring_1}}",
	"spring_12": "{{i18n:Pika.Dialogue.spring_12}}",
	"spring_23": "{{i18n:Pika.Dialogue.spring_23}}",

		//Summer
	"summer_1": "{{i18n:Pika.Dialogue.summer_1}}",
	"summer_10": "{{i18n:Pika.Dialogue.summer_10}}",
	"summer_27": "{{i18n:Pika.Dialogue.summer_27}}",

		//Fall
	"fall_1": "{{i18n:Pika.Dialogue.fall_1}}",
	"fall_15": "{{i18n:Pika.Dialogue.fall_15}}",
	"fall_26": "{{i18n:Pika.Dialogue.fall_26}}",

		//Winter
	"winter_1": "{{i18n:Pika.Dialogue.winter_1}}",
	"winter_7": "{{i18n:Pika.Dialogue.winter_7}}",
	"winter_14": "{{i18n:Pika.Dialogue.winter_14}}",
	"BeachNightMarket": "{{i18n:Pika.Dialogue.winter_15}}",
	//"winter_16": "{{i18n:Pika.Dialogue.winter_16}}",
	//"winter_17": "{{i18n:Pika.Dialogue.winter_17}}",
	"winter_24": "{{i18n:Pika.Dialogue.winter_24}}",

		//Days of the Week

		//0 Hearts
	"Mon": "{{i18n:Pika.Dialogue.Mon}}",
	"Tue": "{{i18n:Pika.Dialogue.Tue}}",
	"Wed": "{{i18n:Pika.Dialogue.Wed}}",
	"Thu": "{{i18n:Pika.Dialogue.Thu}}",
	"Fri": "{{i18n:Pika.Dialogue.Fri}}",
	"Sat": "{{i18n:Pika.Dialogue.Sat}}",
	"Sun": "{{i18n:Pika.Dialogue.Sun}}",
	
		//2 Hearts
	"Mon2": "{{i18n:Pika.Dialogue.Mon2}}",
	"Tue2": "{{i18n:Pika.Dialogue.Tue2}}",
	"Wed2": "{{i18n:Pika.Dialogue.Wed2}}",
	"Thu2": "{{i18n:Pika.Dialogue.Thu2}}",
	"Fri2": "{{i18n:Pika.Dialogue.Fri2}}",
	"Sat2": "{{i18n:Pika.Dialogue.Sat2}}",
	"Sun2": "{{i18n:Pika.Dialogue.Sun2}}",
	
		//4 Hearts
	"Mon4": "{{i18n:Pika.Dialogue.Mon4}}",
	"Tue4": "{{i18n:Pika.Dialogue.Tue4}}",
	"Wed4": "{{i18n:Pika.Dialogue.Wed4}}",
	"Thu4": "{{i18n:Pika.Dialogue.Thu4}}",
	"Fri4": "{{i18n:Pika.Dialogue.Fri4}}",
	"Sat4": "{{i18n:Pika.Dialogue.Sat4}}",
	"Sun4": "{{i18n:Pika.Dialogue.Sun4}}",
	
		//6 Hearts
	"Mon6": "{{i18n:Pika.Dialogue.Mon6}}",
	"Tue6": "{{i18n:Pika.Dialogue.Tue6}}",
	"Wed6": "{{i18n:Pika.Dialogue.Wed6}}",
	"Thu6": "{{i18n:Pika.Dialogue.Thu6}}",
	"Fri6": "{{i18n:Pika.Dialogue.Fri6}}",
	"Sat6": "{{i18n:Pika.Dialogue.Sat6}}",
	"Sun6": "{{i18n:Pika.Dialogue.Sun6}}",
	
		//8 Hearts
	"Mon8": "{{i18n:Pika.Dialogue.Mon8}}",
	"Tue8": "{{i18n:Pika.Dialogue.Tue8}}",
	"Wed8": "{{i18n:Pika.Dialogue.Wed8}}",
	"Thu8": "{{i18n:Pika.Dialogue.Thu8}}",
	"Fri8": "{{i18n:Pika.Dialogue.Fri8}}",
	"Sat8": "{{i18n:Pika.Dialogue.Sat8}}",
	"Sun8": "{{i18n:Pika.Dialogue.Sun8}}",
	
		//10 Hearts
	"Mon10": "{{i18n:Pika.Dialogue.Mon10}}",
	"Tue10": "{{i18n:Pika.Dialogue.Tue10}}",
	"Wed10": "{{i18n:Pika.Dialogue.Wed10}}",
	"Thu10": "{{i18n:Pika.Dialogue.Thu10}}",
	"Fri10": "{{i18n:Pika.Dialogue.Fri10}}",
	"Sat10": "{{i18n:Pika.Dialogue.Sat10}}",
	"Sun10": "{{i18n:Pika.Dialogue.Sun10}}",

		//Special Dialogue
	"MovieInvitation": "{{i18n:Pika.Dialogue.MovieInvitation}}",
	
		//Resort
	"Resort_Entering": "{{i18n:Pika.Dialogue.Resort_Entering}}",
	"Resort_Leaving": "{{i18n:Pika.Dialogue.Resort_Leaving}}",
	"Resort_Shore": "{{i18n:Pika.Dialogue.Resort_Shore}}",
	"Resort_Chair": "{{i18n:Pika.Dialogue.Resort_Chair}}",
	"Resort_Bar": "{{i18n:Pika.Dialogue.Resort_Bar}}",
	"Resort": "{{i18n:Pika.Dialogue.Resort}}",

		},
	},
]
}
