{
"Changes": [
	
//------------------------
// P O R T R A I T S      
//------------------------

 
	{
		"LogName": "Portraits",
		"Action": "Load",
		"Target": "Portraits/Aguar, Portraits/Alissa, Portraits/Bert, Portraits/Corine, Portraits/Ezekiel, Portraits/Flor, Portraits/Freddie, Portraits/Ian, Portraits/Jeric, Portraits/Jio, Portraits/Keahi, Portraits/Kenneth, Portraits/Kiwi, Portraits/Lenny, Portraits/Lola, Portraits/Maddie, Portraits/Olga, Portraits/Philip, Portraits/Pika, Portraits/Richard, Portraits/Shiro, Portraits/Trinnie, Portraits/Ysabelle, Portraits/Yuuma, Portraits/Undreya, Portraits/Helen",
		"FromFile": "Assets/{{Target}}.png"
	},
	
	{
		"LogName": "Beach Portraits",
		"Action": "Load",
		"Target": "Portraits/Aguar_Beach, Portraits/Alissa_Beach, Portraits/Bert_Beach, Portraits/Corine_Beach, Portraits/Ezekiel_Beach, Portraits/Flor_Beach, Portraits/Freddie_Beach, Portraits/Ian_Beach, Portraits/Jeric_Beach, Portraits/Jio_Beach, Portraits/Keahi_Beach, Portraits/Kenneth_Beach, Portraits/Kiwi_Beach, Portraits/Lenny_Beach, Portraits/Lola_Beach, Portraits/Maddie_Beach, Portraits/Olga_Beach, Portraits/Philip_Beach, Portraits/Pika_Beach, Portraits/Richard_Beach, Portraits/Shiro_Beach, Portraits/Trinnie_Beach, Portraits/Ysabelle_Beach, Portraits/Yuuma_Beach, Portraits/Undreya_Beach, Portraits/Helen_Beach",
		"FromFile": "Assets/BeachPortraits/{{TargetWithoutPath}}.png"
	},
	

]
}
