{
"Changes": [
	{
   
   "Action": "EditData",
   "Target": "Characters/Dialogue/Undreya",
   "Entries": {

	"Introduction": "{{i18n:Undreya.Dialogue.Introduction}}",

		//Day before Festivals	
	"spring_12": "{{i18n:Undreya.Dialogue.spring_12}}",
	"summer_10": "{{i18n:Undreya.Dialogue.summer_10}}",
	"summer_27": "{{i18n:Undreya.Dialogue.summer_27}}",
	"fall_26": "{{i18n:Undreya.Dialogue.fall_26}}",
	"winter_7": "{{i18n:Undreya.Dialogue.winter_7}}",
	"winter_14": "{{i18n:Undreya.Dialogue.winter_14}}",
	"winter_24": "{{i18n:Undreya.Dialogue.winter_24}}",

		//Days of the Week
	"Mon": "{{i18n:Undreya.Dialogue.Mon}}",
	"Tue": "{{i18n:Undreya.Dialogue.Tue}}",
	"Wed": "{{i18n:Undreya.Dialogue.Wed}}",
	"Thu": "{{i18n:Undreya.Dialogue.Thu}}",
	"Fri": "{{i18n:Undreya.Dialogue.Fri}}",
	"Sat": "{{i18n:Undreya.Dialogue.Sat}}",
	"Sun": "{{i18n:Undreya.Dialogue.Sun}}",
	
		//Seasonal
	"spring_1": "{{i18n:Undreya.Dialogue.spring_1}}",
	"summer_1": "{{i18n:Undreya.Dialogue.summer_1}}",
	"fall_1": "{{i18n:Undreya.Dialogue.fall_1}}",
	"winter_1": "{{i18n:Undreya.Dialogue.winter_1}}",

		},
	},
]		
}