{
  "Format": "1.0",

//---------
//QUESTS   quests_accept <QuestName>@Rafseazz.RSVQF quests_complete lenny_minecart3@Rafseazz.RSVQF
//---------

  "Quests": [
  //Bert needs honey
	{
    "Name": "bert_honey", 
    "Type": "ItemDelivery", 
    "Title": "%i18n:bert_honey.title",
    "Description": "%i18n:bert_honey.description",
    "Objective": "%i18n:bert_honey.objective",
    "DaysLeft": 0, 
    "Reward": 300,
	"RewardType": "Money",
	"RewardDescription": "300g",	
    "Cancelable": true, 
    "Trigger": "Bert 340 1", 
    "ReactionText": "%i18n:bert_honey.reactiontext"
    },
	
  //Trinnie wants flowers
	{
    "Name": "trinnie_sunflower", 
    "Type": "ItemDelivery", 
    "Title": "%i18n:trinnie_sunflower.title",
    "Description": "%i18n:trinnie_sunflower.description",
    "Objective": "%i18n:trinnie_sunflower.objective",
    "DaysLeft": 0, 
    "Reward": 2000,
	"RewardType": "Money",
	"RewardDescription": "%i18n:trinnie_sunflower.rewardDesc",	
    "Cancelable": true, 
    "Trigger": "Trinnie 421 10", 
    "ReactionText": "%i18n:trinnie_sunflower.reactiontext"
    },
	
  //Keahi wants slime
	{
    "Name": "keahi_slime", 
    "Type": "ItemDelivery", 
    "Title": "%i18n:keahi_slime.title",
    "Description": "%i18n:keahi_slime.description",
    "Objective": "%i18n:keahi_slime.objective",
    "DaysLeft": 0, 
    "Reward": 500,
	"RewardType": "Money",
	"RewardDescription": "500g",	
    "Cancelable": true, 
    "Trigger": "Keahi 766 10", 
    "ReactionText": "%i18n:keahi_slime.reactiontext"
    },
	
  //Yuuma lost a ring
	{
    "Name": "yuuma_ring", 
    "Type": "LostItem", 
    "Title": "%i18n:yuuma_ring.title",
    "Description": "%i18n:yuuma_ring.description",
    "Objective": "%i18n:yuuma_ring.objective",
    "DaysLeft": 0, 
    "Reward": 200,
	"RewardType": "Money",
	"RewardDescription": "200g",	
    "Cancelable": true, 
    "Trigger": "Yuuma {{ja: Yuuma's Ring}} Custom_Ridgeside_RidgesideVillage 19 20", 
    "ReactionText": "%i18n:yuuma_ring.reactiontext"
    },
	
  //Olga wants to cook Tuna
	{
    "Name": "olga_tuna", 
    "Type": "ItemDelivery", 
    "Title": "%i18n:olga_tuna.title",
    "Description": "%i18n:olga_tuna.description",
    "Objective": "%i18n:olga_tuna.objective",
    "DaysLeft": 0, 
    "Reward": 400,
	"RewardType": "Money",
	"RewardDescription": "400g",	
    "Cancelable": true, 
    "Trigger": "Olga 130 1", 
    "ReactionText": "%i18n:olga_tuna.reactiontext"
    },
		
  //Aguar needs essence
	{
    "Name": "aguar_essence", 
    "Type": "ItemDelivery", 
    "Title": "%i18n:aguar_essence.title",
    "Description": "%i18n:aguar_essence.description",
    "Objective": "%i18n:aguar_essence.objective",
    "DaysLeft": 0, 
    "Reward": 1000,
	"RewardType": "Money",
	"RewardDescription": "1000g",	
    "Cancelable": true, 
    "Trigger": "Aguar 769 10", 
    "ReactionText": "%i18n:aguar_essence.reactiontext"
    },
	
  //Freddie lost his sword
	{
    "Name": "freddie_sword", 
    "Type": "LostItem", 
    "Title": "%i18n:freddie_sword.title",
    "Description": "%i18n:freddie_sword.description",
    "Objective": "%i18n:freddie_sword.objective",
    "DaysLeft": 0, 
    "Reward": 500,
	"RewardType": "Money",
	"RewardDescription": "500g",	
    "Cancelable": true, 
    "Trigger": "Freddie {{ja: Freddie's Sword}} Custom_Ridgeside_RidgesideVillage 65 108", 
    "ReactionText": "%i18n:freddie_sword.reactiontext"
    },
	
  //Pika needs mayonnaise
	{
    "Name": "pika_mayonnaise", 
    "Type": "ItemDelivery", 
    "Title": "%i18n:pika_mayonnaise.title",
    "Description": "%i18n:pika_mayonnaise.description",
    "Objective": "%i18n:pika_mayonnaise.objective",
    "DaysLeft": 0, 
    "Reward": 600,
	"RewardType": "Money",
	"RewardDescription": "600g",	
    "Cancelable": true, 
    "Trigger": "Pika 306 1", 
    "ReactionText": "%i18n:pika_mayonnaise.reactiontext"
    },
	
  //Richard lost his glasses
	{
    "Name": "richard_glasses", 
    "Type": "LostItem", 
    "Title": "%i18n:richard_glasses.title",
    "Description": "%i18n:richard_glasses.description",
    "Objective": "%i18n:richard_glasses.objective",
    "DaysLeft": 0, 
    "Reward": 300,
	"RewardType": "Money",
	"RewardDescription": "300g",	
    "Cancelable": true, 
    "Trigger": "Richard {{ja: Richard's Glasses}} Custom_Ridgeside_LogCabinHotel2ndFloor 1 22", 
    "ReactionText": "%i18n:richard_glasses.reactiontext"
    },
	
//RSVBoardQuests
	{
	"Name": "aguar_gem",
	"Type": "ItemDelivery",
	"Title": "%i18n:aguar_gem.title",
	"Description": "%i18n:aguar_gem.description",
	"Objective": "%i18n:aguar_gem.objective",
	"DaysLeft": 0,
	"Reward": 400,
	"RewardType": "Money",
	"RewardDescription": "400g",
	"Cancelable": true,
	"ReactionText": "%i18n:aguar_gem.reactiontext",
	"Trigger": "Aguar 62",
	"FriendshipGain": { "Aguar": 25 },
	},
	{
	"Name": "aguar_fairystone",
	"Type": "ItemDelivery",
	"Title": "%i18n:aguar_fairystone.title",
	"Description": "%i18n:aguar_fairystone.description",
	"Objective": "%i18n:aguar_fairystone.objective",
	"DaysLeft": 0,
	"Reward": 500,
	"RewardType": "Money",
	"RewardDescription": "500g",
	"Cancelable": true,
	"ReactionText": "%i18n:aguar_fairystone.reactiontext",
	"Trigger": "Aguar 577",
	"FriendshipGain": { "Aguar": 25 },
	},
	{
	"Name": "bert_orange",
	"Type": "ItemDelivery",
	"Title": "%i18n:bert_orange.title",
	"Description": "%i18n:bert_orange.description",
	"Objective": "%i18n:bert_orange.objective",
	"DaysLeft": 0,
	"Reward": 900,
	"RewardType": "Money",
	"RewardDescription": "900g",
	"Cancelable": true,
	"ReactionText": "%i18n:bert_orange.reactiontext",
	"Trigger": "Bert 635 3",
	},
	{
	"Name": "ezekiel_cavecarrot",
	"Type": "ItemDelivery",
	"Title": "%i18n:ezekiel_cavecarrot.title",
	"Description": "%i18n:ezekiel_cavecarrot.description",
	"Objective": "%i18n:ezekiel_cavecarrot.objective",
	"DaysLeft": 0,
	"Reward": 200,
	"RewardType": "Money",
	"RewardDescription": "200g",
	"Cancelable": true,
	"ReactionText": "%i18n:ezekiel_cavecarrot.reactiontext",
	"Trigger": "Ezekiel 78",
	"FriendshipGain": { "Ezekiel": 25 },
	},
	{
	"Name": "freddie_shadowbrute",
	"Type": "Monster",
	"Title": "%i18n:freddie_shadowbrute.title",
	"Description": "%i18n:freddie_shadowbrute.description",
	"Objective": "%i18n:freddie_shadowbrute.objective",
	"DaysLeft": 0,
	"Reward": 3000,
	"RewardType": "Money",
	"RewardDescription": "3000g",
	"Cancelable": true,
	"Trigger": "Shadow_Brute 10 Freddie",
	"FriendshipGain": { "Freddie": 25 },
	},
	{
	"Name": "freddie_pepperrex",
	"Type": "Monster",
	"Title": "%i18n:freddie_pepperrex.title",
	"Description": "%i18n:freddie_pepperrex.description",
	"Objective": "%i18n:freddie_pepperrex.objective",
	"DaysLeft": 0,
	"Reward": 4000,
	"RewardType": "Money",
	"RewardDescription": "4000g",
	"Cancelable": true,
	"Trigger": "Pepper_Rex 10 Freddie",
	"FriendshipGain": { "Freddie": 25 },
	},
	{
	"Name": "keahi_tomato",
	"Type": "ItemDelivery",
	"Title": "%i18n:keahi_tomato.title",
	"Description": "%i18n:keahi_tomato.description",
	"Objective": "%i18n:keahi_tomato.objective",
	"DaysLeft": 0,
	"Reward": 200,
	"RewardType": "Money",
	"RewardDescription": "200g",
	"Cancelable": true,
	"ReactionText": "%i18n:keahi_tomato.reactiontext",
	"Trigger": "Keahi 256",
	"FriendshipGain": { "Keahi": 25 },
	},
	{
	"Name": "keahi_bomb",
	"Type": "ItemDelivery",
	"Title": "%i18n:keahi_bomb.title",
	"Description": "%i18n:keahi_bomb.description",
	"Objective": "%i18n:keahi_bomb.objective",
	"DaysLeft": 0,
	"Reward": 1000,
	"RewardType": "Money",
	"RewardDescription": "1000g",
	"Cancelable": true,
	"ReactionText": "%i18n:keahi_bomb.reactiontext",
	"Trigger": "Keahi 287",
	"FriendshipGain": { "Keahi": 25 },
	},
	{
	"Name": "lenny_eggplant",
	"Type": "ItemDelivery",
	"Title": "%i18n:lenny_eggplant.title",
	"Description": "%i18n:lenny_eggplant.description",
	"Objective": "%i18n:lenny_eggplant.objective",
	"DaysLeft": 0,
	"Reward": 200,
	"RewardType": "Money",
	"RewardDescription": "200g",
	"Cancelable": true,
	"ReactionText": "%i18n:lenny_eggplant.reactiontext",
	"Trigger": "Lenny 272",
	"FriendshipGain": { "Lenny": 25 },
	},
	{
	"Name": "lenny_wine",
	"Type": "ItemDelivery",
	"Title": "%i18n:lenny_wine.title",
	"Description": "%i18n:lenny_wine.description",
	"Objective": "%i18n:lenny_wine.objective",
	"DaysLeft": 0,
	"Reward": 1000,
	"RewardType": "Money",
	"RewardDescription": "1000g",
	"Cancelable": true,
	"ReactionText": "%i18n:lenny_wine.reactiontext",
	"Trigger": "Lenny 348",
	"FriendshipGain": { "Lenny": 25 },
	},
	{
	"Name": "lola_hauntedskull",
	"Type": "Monster",
	"Title": "%i18n:lola_hauntedskull.title",
	"Description": "%i18n:lola_hauntedskull.description",
	"Objective": "%i18n:lola_hauntedskull.objective",
	"DaysLeft": 0,
	"Reward": 10000,
	"RewardType": "Money",
	"RewardDescription": "10000g",
	"Cancelable": true,
	"Trigger": "Haunted_Skull 20 Lola",
	"FriendshipGain": { "Lola": 25 },
	},
	{
	"Name": "lola_slime",
	"Type": "Monster",
	"Title": "%i18n:lola_slime.title",
	"Description": "%i18n:lola_slime.description",
	"Objective": "%i18n:lola_slime.objective",
	"DaysLeft": 0,
	"Reward": 750,
	"RewardType": "Money",
	"RewardDescription": "750g",
	"Cancelable": true,
	"Trigger": "Green_Slime 10 Lola",
	"FriendshipGain": { "Lola": 25 },
	},
	{
	"Name": "olga_coffee",
	"Type": "ItemDelivery",
	"Title": "%i18n:olga_coffee.title",
	"Description": "%i18n:olga_coffee.description",
	"Objective": "%i18n:olga_coffee.objective",
	"DaysLeft": 0,
	"Reward": 250,
	"RewardType": "Money",
	"RewardDescription": "250",
	"Cancelable": true,
	"ReactionText": "%i18n:olga_coffee.reactiontext",
	"Trigger": "Olga 395",
	"FriendshipGain": { "Olga": 30 },
	},
	{
	"Name": "pika_cheese",
	"Type": "ItemDelivery",
	"Title": "%i18n:pika_cheese.title",
	"Description": "%i18n:pika_cheese.description",
	"Objective": "%i18n:pika_cheese.objective",
	"DaysLeft": 0,
	"Reward": 800,
	"RewardType": "Money",
	"RewardDescription": "800g",
	"Cancelable": true,
	"ReactionText": "%i18n:pika_cheese.reactiontext",
	"Trigger": "Pika 424",
	"FriendshipGain": { "Pika": 25 },
	},
	{
	"Name": "pika_starfruit",
	"Type": "ItemDelivery",
	"Title": "%i18n:pika_starfruit.title",
	"Description": "%i18n:pika_starfruit.description",
	"Objective": "%i18n:pika_starfruit.objective",
	"DaysLeft": 0,
	"Reward": 2000,
	"RewardType": "Money",
	"RewardDescription": "2000g",
	"Cancelable": true,
	"ReactionText": "%i18n:pika_starfruit.reactiontext",
	"Trigger": "Pika 268",
	"FriendshipGain": { "Pika": 100 },
	},
	{
	"Name": "richard_caviar",
	"Type": "ItemDelivery",
	"Title": "%i18n:richard_caviar.title",
	"Description": "%i18n:richard_caviar.description",
	"Objective": "%i18n:richard_caviar.objective",
	"DaysLeft": 0,
	"Reward": 3000,
	"RewardType": "Money",
	"RewardDescription": "3000g",
	"Cancelable": true,
	"ReactionText": "%i18n:richard_caviar.reactiontext",
	"Trigger": "Richard 445",
	"FriendshipGain": { "Richard": 30 },
	},
	{
	"Name": "richard_bat",
	"Type": "Monster",
	"Title": "%i18n:richard_bat.title",
	"Description": "%i18n:richard_bat.description",
	"Objective": "%i18n:richard_bat.objective",
	"DaysLeft": 0,
	"Reward": 1000,
	"RewardType": "Money",
	"RewardDescription": "1000g",
	"Cancelable": true,
	"Trigger": "Bat 20 Richard",
	"FriendshipGain": { "Richard": 25 },
	},
	{
	"Name": "trinnie_pinkcake",
	"Type": "ItemDelivery",
	"Title": "%i18n:trinnie_pinkcake.title",
	"Description": "%i18n:trinnie_pinkcake.description",
	"Objective": "%i18n:trinnie_pinkcake.objective",
	"DaysLeft": 0,
	"Reward": 600,
	"RewardType": "Money",
	"RewardDescription": "600g",
	"Cancelable": true,
	"ReactionText": "%i18n:trinnie_pinkcake.reactiontext",
	"Trigger": "Trinnie 221",
	"FriendshipGain": { "Trinnie": 30 },
	},
	{
	"Name": "trinnie_poppy",
	"Type": "ItemDelivery",
	"Title": "%i18n:trinnie_poppy.title",
	"Description": "%i18n:trinnie_poppy.description",
	"Objective": "%i18n:trinnie_poppy.objective",
	"DaysLeft": 0,
	"Reward": 400,
	"RewardType": "Money",
	"RewardDescription": "400g",
	"Cancelable": true,
	"ReactionText": "%i18n:trinnie_poppy.reactiontext",
	"Trigger": "Trinnie 376",
	"FriendshipGain": { "Trinnie": 50 },
	},
	{
	"Name": "yuuma_burger",
	"Type": "ItemDelivery",
	"Title": "%i18n:yuuma_burger.title",
	"Description": "%i18n:yuuma_burger.description",
	"Objective": "%i18n:yuuma_burger.objective",
	"DaysLeft": 0,
	"Reward": 300,
	"RewardType": "Money",
	"RewardDescription": "300g",
	"Cancelable": true,
	"ReactionText": "%i18n:yuuma_burger.reactiontext",
	"Trigger": "Yuuma 241",
	"FriendshipGain": { "Yuuma": 30 },
	},
	{
	"Name": "yuuma_iron",
	"Type": "ItemDelivery",
	"Title": "%i18n:yuuma_iron.title",
	"Description": "%i18n:yuuma_iron.description",
	"Objective": "%i18n:yuuma_iron.objective",
	"DaysLeft": 0,
	"Reward": 300,
	"RewardType": "Money",
	"RewardDescription": "300g",
	"Cancelable": true,
	"ReactionText": "%i18n:yuuma_iron.reactiontext",
	"Trigger": "Yuuma 335",
	"FriendshipGain": { "Yuuma": 30 },
	},
	
//Ridge Quests
	{
	"Name": "mysticfalls_1",
	"Type": "Location",
	"Title": "%i18n:mysticfalls_1.title",
	"Description": "%i18n:mysticfalls_1.description",
	"Objective": "%i18n:mysticfalls_1.objective",
	"DaysLeft": 0,
	"Reward": "Prismatic Shard",
	"RewardType": "Object",
	"RewardDescription": "%i18n:mysticfalls_1.rewardDesc",
	"Cancelable": false,
	"Trigger": "Custom_Ridgeside_MysticFalls1",
	},
	{
	"Name": "mysticfalls_2",
	"Type": "Location",
	"Title": "%i18n:mysticfalls_2.title",
	"Description": "%i18n:mysticfalls_2.description",
	"Objective": "%i18n:mysticfalls_2.objective",
	"DaysLeft": 0,
	"Reward": 500,
	"RewardType": "Money",
	"RewardDescription": "%i18n:mysticfalls_2.rewardDesc",
	"Cancelable": false,
	"Trigger": "Custom_Ridgeside_MysticFalls2",
	"FriendshipGain": { 
		"Alissa": 250,
		"Corine": 250,
		"Flor": 250,
		"Maddie": 250,
		"Ysabelle": 250,
		"Abigail": 250,
		"Maru": 250,
		"Emily": 250,
		"Haley": 250,
		"Penny": 250,
		"Leah": 250,
		"Ian": 250,
		"Jeric": 250,
		"Kenneth": 250,
		"Philip": 250,
		"Shiro": 250,
		"Alex": 250,
		"Elliott": 250,
		"Harvey": 250,
		"Sam": 250,
		"Sebastian": 250,
		"Shane": 250,
		},
	},
	{
	"Name": "mysticfalls_3",
	"Type": "Location",
	"Title": "%i18n:mysticfalls_3.title",
	"Description": "%i18n:mysticfalls_3.description",
	"Objective": "%i18n:mysticfalls_3.objective",
	"DaysLeft": 0,
	"Reward": "Obsidian Edge",
	"RewardType": "Weapon",
	"RewardDescription": "%i18n:mysticfalls_3.rewardDesc",
	"Cancelable": false,
	"Trigger": "Custom_Ridgeside_MysticFalls3",
	},
	
/*	//Minecarft Restoration
	  //Wood x 200
	{
    "Name": "lenny_minecart1", 
    "Type": "ItemDelivery", 
    "Title": "Ridge Minecart Restoration!",
    "Description": "Lenny has given you details of materials needed to fix the minecart.",
    "Objective": "Deliver 200 Wood to Lenny",
    "DaysLeft": 0, 	
    "Cancelable": false, 
    "Trigger": "Lenny 388 200", 
    "ReactionText": "These will be enough, @! Great job! Now, here's the next list of materials.",
	"NextQuests": [ "lenny_minecart2" ]
    },
	  //Iron x 10
	{
    "Name": "lenny_minecart2", 
    "Type": "ItemDelivery", 
    "Title": "Ridge Minecart Restoration!",
    "Description": "Lenny has given you details of the next material needed to fix the minecart.",
    "Objective": "Deliver 10 Iron Bars to Lenny",
    "DaysLeft": 0, 	
    "Cancelable": false, 
    "Trigger": "Lenny 335 10", 
    "ReactionText": "Woah! You got them! We're getting close! Okay, here's the last thing we need...",
	"NextQuests": [ "lenny_minecart3" ]
    },
	  //Gold x 5
	{
    "Name": "lenny_minecart3", 
    "Type": "ItemDelivery", 
    "Title": "Ridge Minecart Restoration!",
    "Description": "Lenny has given you details of the last material needed to fix the minecart.",
    "Objective": "Deliver 5 Gold Bars to Lenny",
    "DaysLeft": 0, 	
    "Cancelable": false, 
    "Trigger": "Lenny 336 5", 
    "ReactionText": "Awesome! We can finally finish it! Thank you so much for your hard work, @! Come back here soon to see the finished minecart system, alright?$h",
	"ConversationTopic": {
		"AddWhenQuestCompleted": "RSV_startminecartfix 10"
		}
    },*/
  ],

 
//---------
//OFFERS   
//---------
  
  "Offers": [

	
	{
      "QuestName": "trinnie_sunflower",
      "OfferedBy": "Mail",
      "OfferDetails": {
        "Topic": "%i18n:trinnie_sunflower.offer.topic",
        "Text": "%i18n:trinnie_sunflower.offer.text"
      },
      "When": {
        "Seasons": "fall",
        "Days": "5",
		"QuestNeverCompleted": "yes",
		"QuestNeverAccepted": "yes"
      }
    },
	
    {
      "QuestName": "keahi_slime",
      "OfferedBy": "NPC",
      "OfferDetails": {
        "NpcName": "Keahi", 
        "DialogueText": "%i18n:keahi_slime.offer.text"
      },
      "When": {
        "Days": "10",
        "Seasons": "summer fall winter",
		"QuestNeverCompleted": "yes",
		"QuestNeverAccepted": "yes"
      }
    },
	
	{
      "QuestName": "yuuma_ring",
      "OfferedBy": "NPC",
      "OfferDetails": {
        "NpcName": "Yuuma", 
        "DialogueText": "%i18n:yuuma_ring.offer.text"
      },
      "When": {
        "FriendshipLevel": "Yuuma 2",
		"QuestNeverCompleted": "yes",
		"QuestNeverAccepted": "yes"
      }
    },
	
	{
      "QuestName": "olga_tuna",
      "OfferedBy": "Mail",
      "OfferDetails": {
        "Topic": "%i18n:olga_tuna.offer.topic",
        "Text": "%i18n:olga_tuna.offer.text"
      },
      "When": {
        "FriendshipLevel": "Olga 4",
		"QuestNeverCompleted": "yes",
		"QuestNeverAccepted": "yes"
      }
    },
		
	{
      "QuestName": "aguar_essence",
      "OfferedBy": "Mail",
      "OfferDetails": {
        "Topic": "%i18n:aguar_essence.offer.topic",
        "Text": "%i18n:aguar_essence.offer.text"
      },
      "When": {
        "FriendshipLevel": "Aguar 4",
		"QuestNeverCompleted": "yes",
		"QuestNeverAccepted": "yes"
      }
    },
	
	{
      "QuestName": "freddie_sword",
      "OfferedBy": "NPC",
      "OfferDetails": {
        "NpcName": "Freddie", 
        "DialogueText": "%i18n:freddie_sword.offer.text"
      },
      "When": {
        "FriendshipLevel": "Freddie 4",
		"QuestNeverCompleted": "yes",
		"QuestNeverAccepted": "yes"
      }
    },
	
	{
      "QuestName": "pika_mayonnaise",
      "OfferedBy": "Mail",
      "OfferDetails": {
        "Topic": "%i18n:pika_mayonnaise.offer.topic",
        "Text": "%i18n:pika_mayonnaise.offer.text"
      },
      "When": {
        "FriendshipLevel": "Pika 6",
		"QuestNeverCompleted": "yes",
		"QuestNeverAccepted": "yes"
      }
    },
	
	{
      "QuestName": "richard_glasses",
      "OfferedBy": "NPC",
      "OfferDetails": {
        "NpcName": "Richard", 
        "DialogueText": "%i18n:richard_glasses.offer.text"
      },
      "When": {
        "FriendshipLevel": "Richard 6",
		"QuestNeverCompleted": "yes",
		"QuestNeverAccepted": "yes"
      }
    },
	
//RSVBoard Offers
	{
      "QuestName": "bert_honey",
      "OfferedBy": "Board:RSVQuestBoard",
      "When": {
        "Days": "21",
        "Seasons": "spring",
		"QuestNeverCompleted": "yes",
		"QuestNeverAccepted": "yes"
      }
    },
	{
	"QuestName": "aguar_gem",
	"OfferedBy": "Board:RSVQuestBoard",
	"When": {
		"Seasons": "spring fall",
		"Random": 10,
		}
	},
	{
	"QuestName": "aguar_fairystone",
	"OfferedBy": "Board:RSVQuestBoard",
	"When": {
		"Seasons": "summer winter",
		"Random": 10,
		}
	},
	{
	"QuestName": "bert_orange",
	"OfferedBy": "Board:RSVQuestBoard",
	"When": {
		"Seasons": "spring summer",
		"Random": 10,
		}
	},
	{
	"QuestName": "ezekiel_cavecarrot",
	"OfferedBy": "Board:RSVQuestBoard",
	"When": {
		"Seasons": "spring fall",
		"Random": 10,
		}
	},
	{
	"QuestName": "freddie_shadowbrute",
	"OfferedBy": "Board:RSVQuestBoard",
	"When": {
		"Seasons": "spring fall",
		"Random": 10,
		}
	},
	{
	"QuestName": "freddie_pepperrex",
	"OfferedBy": "Board:RSVQuestBoard",
	"When": {
		"Seasons": "summer winter",
		"Random": 10,
		}
	},
	{
	"QuestName": "keahi_tomato",
	"OfferedBy": "Board:RSVQuestBoard",
	"When": {
		"Seasons": "spring summer",
		"Random": 10,
		}
	},
	{
	"QuestName": "keahi_bomb",
	"OfferedBy": "Board:RSVQuestBoard",
	"When": {
		"Seasons": "summer winter",
		"Random": 10,
		}
	},
	{
	"QuestName": "lenny_eggplant",
	"OfferedBy": "Board:RSVQuestBoard",
	"When": {
		"Seasons": "summer fall",
		"Random": 10,
		}
	},
	{
	"QuestName": "lenny_wine",
	"OfferedBy": "Board:RSVQuestBoard",
	"When": {
		"Seasons": "summer winter",
		"Random": 10,
		}
	},
	{
	"QuestName": "lola_hauntedskull",
	"OfferedBy": "Board:RSVQuestBoard",
	"When": {
		"Seasons": "spring fall",
		"Random": 10,
		}
	},
	{
	"QuestName": "lola_slime",
	"OfferedBy": "Board:RSVQuestBoard",
	"When": {
		"Seasons": "summer winter",
		"Random": 10,
		}
	},
	{
	"QuestName": "olga_coffee",
	"OfferedBy": "Board:RSVQuestBoard",
	"When": {
		"Seasons": "spring summer",
		"Random": 10,
		}
	},
	{
	"QuestName": "pika_starfruit",
	"OfferedBy": "Board:RSVQuestBoard",
	"When": {
		"Seasons": "summer fall",
		"Random": 10,
		}
	},
	{
	"QuestName": "pika_cheese",
	"OfferedBy": "Board:RSVQuestBoard",
	"When": {
		"Seasons": "summer winter",
		"Random": 10,
		}
	},
	{
	"QuestName": "richard_caviar",
	"OfferedBy": "Board:RSVQuestBoard",
	"When": {
		"Seasons": "spring fall",
		"Random": 10,
		}
	},
	{
	"QuestName": "richard_bat",
	"OfferedBy": "Board:RSVQuestBoard",
	"When": {
		"Seasons": "summer winter",
		"Random": 10,
		}
	},
	{
	"QuestName": "trinnie_poppy",
	"OfferedBy": "Board:RSVQuestBoard",
	"When": {
		"Seasons": "spring summer",
		"Random": 10,
		}
	},
	{
	"QuestName": "trinnie_pinkcake",
	"OfferedBy": "Board:RSVQuestBoard",
	"When": {
		"Seasons": "summer winter",
		"Random": 10,
		}
	},
	{
	"QuestName": "yuuma_burger",
	"OfferedBy": "Board:RSVQuestBoard",
	"When": {
		"Seasons": "spring fall",
		"Random": 10,
		}
	},
	{
	"QuestName": "yuuma_iron",
	"OfferedBy": "Board:RSVQuestBoard",
	"When": {
		"Seasons": "summer winter",
		"Random": 10,
		}
	},
	
//NinjaBoard Quests
	{
	"QuestName": "mysticfalls_1",
	"OfferedBy": "Board:RSVNinjaBoard",
	"When": {
		"QuestNeverCompleted": "yes",
		"QuestNeverAccepted": "yes"
		}
	},
	{
	"QuestName": "mysticfalls_2",
	"OfferedBy": "Board:RSVNinjaBoard",
	"When": {
		"QuestNeverCompleted": "yes",
		"QuestNeverAccepted": "yes"
		}
	},
	{
	"QuestName": "mysticfalls_3",
	"OfferedBy": "Board:RSVNinjaBoard",
	"When": {
		"QuestNeverCompleted": "yes",
		"QuestNeverAccepted": "yes"
		}
	},
	
/*//Unlock Minecarft Offer
	{
      "QuestName": "lenny_minecart1",
      "OfferedBy": "Mail",
      "OfferDetails": {
        "Topic": "Restoration of the Ridge Minecart",
        "Text": "Dear @, ^For the restoration of the minecart system we need: 200 pieces of Wood. ^You can hand them over to me when you've gathered them all.^^- Lenny"
      },
      "When": {
        "EventSeen": "75160189",
		"QuestNeverCompleted": "yes",
		"QuestNeverAccepted": "yes"
      }
    },*/
  ],
  
  
//---------
//QUESTBOARD   
//---------

"CustomBoards": [

	{
   	"BoardName": "RSVQuestBoard",
    "BoardType": "Quests",
    "Location": "Custom_Ridgeside_RidgesideVillage",
    "Tile": "109,40",
    "IndicatorOffset": "10,-20",
    "Texture": "LooseSprites/RSVQuestBoard"
    },
	{
	"BoardName": "RSVNinjaBoard",
	"BoardType": "Quests",
	"Location": "Custom_Ridgeside_RSVNinjaHouse",
	"Tile": "6,6",
	"Texture": "LooseSprites/RSVNinjaBoard",
	"IndicatorOffset": "0,-1",
	"UnlockWhen": {
		"EventSeen": "75160187",
		},
	},
  ],
}
