{
	"Name": "Honey Glazed Salad",
	"Description": "A Pika Special Salad glazed with home-made honey! Super sweet!",
	"Category": "Cooking",
	"Edibility": 60,
	"EdibleIsDrink": false,
	"EdibleBuffs": {
    "Farming": 1,
    "Fishing": 0,
    "Mining": 0,
    "Luck": 0,
	"Foraging": 2,
	"MaxStamina": 2,
    "MagnetRadius": 0,
	"Speed": 0,
	"Defense": 0,
	"Attack": 0,
    "Duration": 300,
	},
	"Price": 300,
	"IsColored": false,
	"GiftTastes":
	{
		"Love": ["Pika", "Alissa"],
	},

    "NameLocalization":
    { 
    	//remove the "//" from your language
        //"es": "PLACEHOLDER",
        //"ko": "PLACEHOLDER",
        //"de": "PLACEHOLDER",
        //"fr": "PLACEHOLDER",
        //"hu": "PLACEHOLDER",
        //"it": "PLACEHOLDER",
        //"ja": "PLACEHOLDER",
        //"pt": "PLACEHOLDER",
        //"ru": "PLACEHOLDER",
        //"tr": "PLACEHOLDER",
        //"zh": "PLACEHOLDER",
    },
    "DescriptionLocalization":
    {
    	//remove the "//" from your language    	
        //"es": "PLACEHOLDER",
        //"ko": "PLACEHOLDER",
        //"de": "PLACEHOLDER",
        //"fr": "PLACEHOLDER",
        //"hu": "PLACEHOLDER",
        //"it": "PLACEHOLDER",
        //"ja": "PLACEHOLDER",
        //"pt": "PLACEHOLDER",
        //"ru": "PLACEHOLDER",
        //"tr": "PLACEHOLDER",
        //"zh": "PLACEHOLDER",
    }
}